{
    "00:00:00.000": {
        "00:00:00.000": [
            0.0
        ]
    },
    "00:00:02.467": {
        "00:00:02.467": [
            2.467
        ]
    },
    "00:00:05.033": {
        "00:00:05.033": [
            5.033
        ],
        "00:00:07.000": [
            7.0,
            8.653401360544217
        ],
        "00:00:11.967": [
            11.967
        ]
    },
    "00:00:14.000": {
        "00:00:14.000": [
            14.0
        ],
        "00:00:19.167": [
            19.167
        ]
    },
    "00:00:25.333": {
        "00:00:25.333": [
            25.333
        ],
        "00:00:27.133": [
            27.133
        ],
        "00:00:28.800": [
            28.8,
            29.97485260770975
        ],
        "00:00:31.200": [
            31.2
        ],
        "00:00:33.233": [
            33.233
        ],
        "00:00:36.067": [
            36.067
        ]
    },
    "00:00:38.933": {
        "00:00:38.933": [
            38.933,
            40.13483673469388
        ],
        "00:00:43.400": [
            43.4
        ],
        "00:00:45.400": [
            45.4
        ]
    },
    "00:00:47.600": {
        "00:00:47.600": [
            47.6
        ]
    },
    "00:00:50.567": {
        "00:00:50.567": [
            50.567
        ],
        "00:00:52.367": [
            52.367
        ],
        "00:00:55.967": [
            55.967
        ]
    },
    "00:00:57.633": {
        "00:00:57.633": [
            57.633
        ]
    },
    "00:01:06.267": {
        "00:01:06.267": [
            66.267
        ]
    },
    "00:01:09.367": {
        "00:01:09.367": [
            69.367
        ]
    },
    "00:01:11.667": {
        "00:01:11.667": [
            71.667
        ]
    },
    "00:01:14.933": {
        "00:01:14.933": [
            74.933
        ]
    },
    "00:01:16.967": {}
}